archivo,titulo,descripcion,fragmentos_indexados,paginas_indexadas,categoria,fecha_expedicion,total_pages,requirio_ocr,author,creator,producer,creationdate,moddate,keywords,title,subject
22598_decreto-no-0012019.pdf,Decreto 001 de 2019,"Por medio del cual se fijan las tarifas para el servicio público de transporte terrestre individual y colectivo municipal de pasajeros de taxis, buses, busetas, microbuses, buses mixtos y camperos para el año 2019",19,"1, 2, 3, 4, 5, 6, 7, 8",,2019-01-03T08:00:00,8,False,,Canon,,2019-01-04T09:05:22-05:00,,,,
23634_decreto-no-0022019.pdf,Decreto 002 de 2019,Por medio del cual se realizan unos traslados al presupuesto de la actual vigencia,3,"1, 2",,2019-01-11T08:00:00,2,False,,Canon,,2019-01-16T16:16:34-05:00,,,,
23608_decreto-no-0042019.pdf,Decreto 004 de 2019,Por medio del cual de fijan las tarifas para el cobro de los servicios  por trámites que presta la secretaria de movilidad y tránsito del municipio de Marinilla,16,"1, 2, 3, 4, 5, 6, 7, 8",,2019-01-15T08:00:00,8,False,,Canon,,2019-01-15T14:55:45-05:00,,,,
23635_decreto-no-0052019.pdf,Decreto 005 de 2019,Por medio del cual se realizan unos traslados al presupuesto de la actual vigencia,3,"1, 2",,2019-01-16T08:00:00,2,False,,Canon,,2019-01-21T08:43:26-05:00,,,,
23636_decreto-no-0062019.pdf,Decreto 006 de 2019,Por medio del cual se modifica el Decreto  093 del 06 julio  2017 el cual integra el comité  técnico de contrataciones  y se define su conformación  y funciones,4,"1, 2",,2019-01-17T08:00:00,2,False,,Canon,,2019-01-17T10:25:44-05:00,,,,
23660_decreto-no-0072019.pdf,Decreto 007 de 2019,Por medio del cual se adiciona el presupuesto para la presente vigencia fiscal la existencia en caja y bancos a diciembre 31 de 2018 de fondos comunes,3,"1, 2",,2019-01-18T08:00:00,2,False,,Canon,,2019-02-07T08:49:01-05:00,,,,
23637_decreto-no-0132019.pdf,Decreto 013 de 2019,Por medio del cual se modifica el Decreto 115 de 2012 que crea al consejo municipal de gestión del riesgo de desastres del municipio de Marinilla Antioquia,9,"1, 2, 3",,2019-01-22T08:00:00,3,False,,Canon,,2019-01-24T07:43:44-05:00,,,,
23646_decreto-no-0182019.pdf,Decreto 018 de 2019,Por medio del cual se adiciona el presupuesto para la presente vigencia fiscal aportes con destinación especial y recursos sin situación de fondos régimen subsidiado.,5,"1, 2, 3",,2019-01-29T08:00:00,3,False,,Canon,,2019-02-05T17:52:27-05:00,,,,
23638_resolucion-no-00772019.pdf,Decreto 077 de 2019,Por medio del cual se constituye la caja menor para la vigencia 2019,12,"1, 2, 3, 4, 5",,2019-01-08T08:00:00,5,False,,Canon,,2019-01-16T16:18:37-05:00,,,,
10311_decreto-no-0782018.pdf,Decreto 078 de 2018,Por medio del cual se hace reducción al presupuesto para la presente vigencia en la cantidad de dieciséis millones setecientos nueve mil quinientos quince pesos  MLC.($16.709.515),4,"1, 2, 3",,2018-08-21T08:00:00,3,False,,Canon,,2018-08-27T14:13:44-05:00,,,,
10330_decreto-no-0802018.pdf,Decreto 080 de 2018,Por medio de la cual se hace reducción al presupuesto para la presente vigencia fiscal en la cantidad de un millón novecientos cuarenta y un mil ciento sesenta pesos MLC ( $ 1.941.160),3,"1, 2",,2018-08-22T08:00:00,2,False,,Canon,,2018-08-24T16:18:44-05:00,,,,
10322_decreto-no-0832018.pdf,Decreto 083 de 2018,Por el cual se modifica el horario de atención al publico en la inspección municipal de policía,2,1,,2018-08-29T08:00:00,1,False,,Canon,,2018-08-30T07:58:55-05:00,,,,
10323_decreto-no-0842018.pdf,Decreto 084 de 2018,Por medio del cual se realizan unos traslados al presupuesto de la actual vigencia,5,"1, 2, 3, 4",,2018-08-30T08:00:00,4,False,,Canon,,2018-08-31T08:37:12-05:00,,,,
14354_decreto-no-0862018.pdf,Decreto 086 de 2018,Por medio del cual se realizan unos traslados al presupuesto de la actual vigencia,3,"1, 2",,2018-09-04T08:00:00,2,False,,Canon,,2018-10-02T09:43:16-05:00,,,,
14353_decreto-no-0942018.pdf,Decreto 094 de 2018,Por medio del cual se adiciona el presupuesto para la presente vigencia fiscal,4,"1, 2, 3",,2018-09-17T08:00:00,3,False,,Canon,,2018-10-02T11:38:45-05:00,,,,
16375_decreto-no-1042018.pdf,Decreto 104 de 2018,Por medio del  cual se hace una reducción al presupuesto para la presente vigencia fiscal en la entidad de $ 376.677.872 trecientos setenta y seis millones seiscientos setenta y siete mil ochocientos setenta y dos pesos MLC.,4,"1, 2",,2018-10-02T08:00:00,2,False,,Canon,,2018-10-22T11:31:50-05:00,,,,
16376_dereto-no-1062018.pdf,Decreto 106 de 2018,Por medio del del cual se hacen unos traslados al presupuesto de la actual vigencia,3,"1, 2",,2018-10-05T08:00:00,2,False,,Canon,,2018-10-22T09:06:40-05:00,,,,
16377_dereto-no-1072018.pdf,Decreto 107 de 2018,Por medio del cual se realizan unos traslados al presupuesto de la actual vigencia,3,"1, 2",,2018-10-12T08:00:00,2,False,,Canon,,2018-10-22T09:07:31-05:00,,,,
16378_dereto-no-1082018.pdf,Decreto 108 de 2018,Por medio del cual se adiciona el presupuesto para la presente vigencia fiscal en la cantidad de cuatrocientos setenta y cuatro millones cuatrocientos ochenta y nueve mil setecientos ochenta y nueve pesos MLC $ 474.489.789,5,"1, 2",,2018-10-11T08:00:00,2,False,,Canon,,2018-10-22T09:08:03-05:00,,,,
16380_decreto-no-1112018.pdf,Decreto 11 de 2018,Por medio del cual se realizan unos traslados al presupuesto de la actual vigencia,4,"1, 2, 3",,2018-10-19T08:00:00,3,False,,Canon,,2018-10-23T08:53:52-05:00,,,,
16379_dereto-no-1102018.pdf,Decreto 110 de 2018,Por medio del cual se adiciona el presupuesto para la presente vigencia fiscal,4,"1, 2",,2018-10-16T08:00:00,2,False,,Canon,,2018-10-22T09:08:42-05:00,,,,
17396_decreto-no-1142018.pdf,Decreto 114 de 2018,Por medio del cual se reconoce e inscribe el comité de desarrollo y control social de los servicios públicos domiciliarios y su respectivo vocal de control en el municipio de Marinilla,18,"1, 2, 3, 4, 5, 6",,2018-10-24T08:00:00,6,False,,Canon,,2018-10-25T10:08:52-05:00,,,,
22529_decreto-no-1162018.pdf,Decreto 116 de 2018,Por medio del cual  se adiciona el presupuesto para la presente vigencia fiscal,7,"1, 2, 3, 4",,2018-10-30T08:00:00,4,False,,Canon,,2018-11-27T13:59:24-05:00,,,,
22531_decreto-no-1262018.pdf,Decreto 116 de 2018,Por medio del cual se realizan unos traslados al presupuesto de la actual vigencia,5,"1, 2, 3",,2018-11-13T08:00:00,4,False,,Canon,,2018-11-19T08:47:56-05:00,,,,
20524_decreto-no-1192018.pdf,Decreto 119 de 2018,Por medio del cual se adiciona el  presupuesto para la presente vigencia fiscal,3,"1, 2",,2018-11-01T08:00:00,2,False,,Canon,,2018-11-07T16:03:08-05:00,,,,
22530_decreto-no-1222018.pdf,Decreto 122 de 2018,Por medio del a cual se adiciona el presupuesto para la presente vigencia fiscal,3,"1, 2",,2018-11-09T08:00:00,2,False,,Canon,,2018-11-19T08:45:24-05:00,,,,
22532_decreto-no-1272018.pdf,Decreto 127 de 2018,"Por medio del cual se modifica el articulo 38 de Decreto 159 del 4 de diciembre de 2014 ""Plan Parcial la Trevisana"", de los predios ubicados suelo de Expansión  Urbana- Belén Sur de Municipio de Marinilla",17,"1, 2, 3, 4, 5",,2018-11-16T08:00:00,5,False,,Canon,,2018-11-16T15:53:08-05:00,,,,
22547_decreto-no-1292018.pdf,Decreto 129 de 2018,Por medio del cual se realizan unos traslados al presupuesto de la actual vigencia,3,"1, 2",,2018-11-20T08:00:00,2,False,,Canon,,2018-12-10T14:49:24-05:00,,,,
14359_decreto-1290del-22deabril-2008.pdf,Decreto 1290 2008,Por el cual se crea el Programa de Reparación Individual por vía Administrativa para las Víctimas de los Grupos Armados Organizados al Margen de la ley.,66,"1, 2, 3, 4, 5, 6, 7, 8, 9, 10, 11, 12, 13, 14, 15, 16, 17, 18, 19, 20, 21",,2008-04-22T08:00:00,21,False,,PyPDF,PyPDF,,,,,
22548_decreto-no-1302018.pdf,Decreto 130 de 2018,Por medio del cual se adiciona el presupuesto para la presente vigencia fiscal,3,"1, 2",,2018-11-20T08:00:00,2,False,,Canon,,2018-12-10T14:54:49-05:00,,,,
22549_decreto-no-1312018.pdf,Decreto 131 de 2018,Por medio del cual se realizan unos traslados al presupuesto de la actual vigencia,7,"1, 2, 3, 4",,2018-11-22T08:00:00,4,False,,Canon,,2018-12-10T14:55:51-05:00,,,,
22550_decreto-no-1352018.pdf,Decreto 135 de 2018,Por medio del cual se adiciona el presupuesto para la presente vigencia fiscal aportes con destinación especial,5,"1, 2, 3",,2018-12-05T08:00:00,3,False,,Canon,,2018-12-10T14:58:08-05:00,,,,
22551_decreto-no-1372018.pdf,Decreto 137 de 2018,Por medio del cual se realizan unos traslados al presupuesto de la actual vigencia,3,"1, 2",,2018-12-05T08:00:00,2,False,,Canon,,2018-12-10T14:57:10-05:00,,,,
22552_decreto-no-1442018.pdf,Decreto 144 de 2018,Por el cual se suspende la atención al publico el día catorce (14) de diciembre del año 2018,2,1,,2018-12-10T08:00:00,1,False,,Canon,,2018-12-10T14:48:22-05:00,,,,
22599_decreto-no-1532018.pdf,Decreto 153 de 2018,Por el cual se  realizan unos traslados al presupuesto de la actual vigencia,3,"1, 2",,2018-12-21T08:00:00,2,False,,Canon,,2019-01-08T14:14:06-05:00,,,,
22592_decreto-no-1552018.pdf,Decreto 155 de 2018,Por el cual se establecen los plazos para la presentación de declaraciones tributarias y para el pago de tributos en el municipio de Marinilla durante blanco vigencia 2019,5,"1, 2",,2019-01-27T08:00:00,2,False,,Canon,,2018-12-27T13:37:18-05:00,,,,
22593_decreto-no-1572018.pdf,Decreto 157 de 2018,Por el cual se modifica el horario de los establecimientos abiertabiertos al público con venta de licodel municipio de Marinilla durante las fiestas de fin de año y fiestas populares y culturales de la vaca en la torre,4,"1, 2",,2018-12-28T08:00:00,2,False,,Canon,,2019-01-02T15:39:51-05:00,,,,
23602_decreto-158-informacion-exogena-firmado.pdf,Decreto 158 de 2018,Por el cual se establecen los plazos para la presentación de declaraciones tributarias y para el pago de tributos en el municipio de Marinilla durante la vigencia de 2019,4,"1, 2",,2018-12-28T08:00:00,2,False,,Canon,,2018-12-28T16:04:14-05:00,2019-01-02T09:01:14-05:00,,,
22594_decreto-no-1592018.pdf,Decreto 159 de 2018,Por el cual se reglamenta las tarifas para el cobro del servicio por uso del cobro municipal,2,1,,2018-12-29T08:00:00,1,False,,Canon,,2019-01-02T15:41:58-05:00,,,,
22595_decreto-no-1602018.pdf,Decreto 160 de 2018,Por el cual de reglamenta el acuerdo 50  de septiembre 04 de 2002,2,1,,2018-12-28T08:00:00,1,False,,Canon,,2019-01-02T15:41:37-05:00,,,,
22596_decreto-no-1612018.pdf,Decreto 161 de 2018,​Por el cual se reglamenta el acuerdo no. 21 de noviembre de 2004,5,"1, 2, 3",,2018-12-28T08:00:00,3,False,,Canon,,2019-01-02T15:40:47-05:00,,,,
22597_decreto-no-1622018.pdf,Decreto 162 de 2018,Por el cual se reglamenta el acuerdo No 22 de noviembre 17 de 2004,4,"1, 2",,2018-12-28T08:00:00,2,False,,Canon,,2019-01-02T15:40:13-05:00,,,,
23659_decreto-no-1642018.pdf,Decreto 164 de 2018,Por medio del cual se realizan unos traslados al presupuesto de la actual vigencia,3,"1, 2",,2018-12-28T08:00:00,2,False,,Canon,,2019-02-07T08:50:58-05:00,,,,
23639_decreto-no-1652018.pdf,Decreto 165 de 2018,Por medio dl cual se hace reducción al presupuesto para presente vigencia fiscal en la cantidad de $1.931.443.409.47 novecientos treinta y un millón cuatrocientos cuarenta y tres cuatrocientos nueve,4,"1, 2",,2018-12-28T08:00:00,2,False,,Canon,,2019-01-16T16:17:39-05:00,,,,
23604_decreto-no-1662018.pdf,Decreto 166 de 2018,Por medio del cual  se actualiza el banco de programas y proyectos de inversión del municipio de Marinilla,15,"1, 2, 3, 4, 5, 6",,2018-12-28T08:00:00,6,False,,Canon,,2019-01-14T09:02:57-05:00,,,,
23640_decreto-no-1672018_001.pdf,Decreto 167 de 2018,Por medio del  cual se adiciona el presupuesto para la presente vigencia en la cantidad $6.238.068.951.87,5,"1, 2, 3",,2018-12-28T08:00:00,3,False,,Canon,,2019-01-25T17:14:22-05:00,,,,
2419_decretono016.pdf,Decreto No 016 Enero 05 de 2016,Por medio del cual se Adiciona el Presupuesto para la Presente Vigencia Fiscal la Existencia en Caja y Bancos a Diciembre 31 de 2015 de Fondos Comunes en la cantidad de $ 100 000 000,3,"1, 2",,2016-01-05T08:00:00,2,False,,Canon,,2016-01-06T13:55:50-05:00,,,,
2420_decretono017.pdf,Decreto No 017 Enero 05 de 2016,Por medio del cual se Suspende de Manera General y por Tiempo Determinado el Porte de Armas de Fuego en el Municipio de Marinilla Antioquia,4,"1, 2",,2016-01-05T08:00:00,2,False,,Canon,,2016-01-06T09:34:09-05:00,,,,
2397_decretono118.pdf,Decreto No 118 de 13 de Julio,Por medio del cual se Incorpora el Centro de Atencion Integral a la Familia CIAF al Sistema Municipal de Convivencia Escolar,5,"1, 2",,2015-07-13T08:00:00,2,False,,Canon,,2015-07-28T11:47:57-05:00,,,,
2398_decretono140.pdf,Decreto No 140 de 04 de Agosto,Por medio del cual se Adopta Plan Parcial EL CARMEL predio ubicado en uso de expansion urbana La Cristalina El recreo del Municipio de Marinilla,77,"1, 2, 3, 4, 5, 6, 7, 8, 9, 10, 11, 12, 13, 14, 15, 16, 17, 18, 19, 20",,2015-08-04T08:00:00,20,False,,Canon,,2015-08-05T09:37:27-05:00,,,,
2399_decretono148_001.pdf,Decreto No 148 de 12 de Agosto,Por medio del cual se Reglamentan los Permisos de Perifoneo dentro del Municipio de Marinilla,20,"1, 2, 3, 4, 5, 6, 7",,2015-08-13T08:00:00,7,False,,Canon,,2015-08-24T08:44:11-05:00,,,,
2402_decretono185.pdf,Decreto No 185 de 28 de Octubre,Por medio del cual se Adopta la Categoria del Municipio de Marinilla para la Vigencia Fiscal del año 2016,7,"1, 2, 3",,2015-10-28T08:00:00,3,False,,Canon,,2015-10-29T10:35:13-05:00,,,,
2401_decretono187.pdf,Decreto No 187 de 29 de Octubre,Por medio del cual se institucionaliza el Comite Tecnico Municipal para la construccion del Plan Educativo 2015 2027,8,"1, 2, 3",,2015-10-29T08:00:00,3,False,,Canon,,2015-10-29T16:00:43-05:00,,,,
2404_decretono191.pdf,Decreto No 191 de 05 de Noviembre,Por el cual se Modifica el Horario de Atención al Público en la Inspección de Policia,3,1,,2015-11-05T08:00:00,1,False,,Canon,,2015-11-06T16:57:03-05:00,,,,
2405_decretono200.pdf,Decreto No 200 Noviembre 23 de 2015,Por medio del cual se Modifica Horario de Atencion al Publico en la Secretaria de Cultura y Turismo,2,1,,2015-11-23T08:00:00,1,False,,Canon,,2015-11-25T14:44:14-05:00,,,,
2406_decretono201.pdf,Decreto No 201 Noviembre 26 de 2015,Por medio del cual se Reglamenta la Expedición de las Facturas de los Impuestos Municipales y el Paz y Salvo Municipal,5,"1, 2",,2015-11-26T08:00:00,2,False,,Canon,,2015-11-27T08:54:21-05:00,,,,
2408_decretono207.pdf,Decreto No 207 Diciembre 07 de 2015,Por medio del cual se suspende la Atención al Publico el día 11 de Diciembre se 2015,2,1,,2015-12-07T08:00:00,1,False,,Canon,,2015-12-10T08:44:54-05:00,,,,
2423_decretono232.pdf,Decreto No 232 Diciembre 29 de 2015,Por medio del cual se Fijan unas Tarifas para los Certificados que Expide el Municipio para los Programas Socilaes SISBEN,3,1,,2015-12-29T08:00:00,1,False,,Canon,,2015-12-30T11:44:33-05:00,,,,
2391_2decreto_103_2015.pdf,Decreto No. 103 de 20 de enero de 2015,"""Por el cual se reglamenta parcialmente la Ley 1712 de 2014 y se dictan otras
disposiciones",63,"1, 2, 3, 4, 5, 6, 7, 8, 9, 10, 11, 12, 13, 14, 15, 16",,2015-01-20T08:00:00,16,False,,KODAK Scanner: i2000,Adobe Acrobat 9.0 Paper Capture Plug-in,2015-01-20T15:07:56-05:00,2015-01-21T14:12:04-05:00,,,
14360_ley-1190de-2008.pdf,Ley 1190 2008,Por medio de la cual el Congreso de la República de Colombia declara el 2008 como el año de la promoción de los derechos de las personas desplazadas por la violencia y se dictan otras disposiciones.,15,"1, 2, 3, 4",,2008-04-30T08:00:00,4,False,República de Colombia,PScript5.dll Version 5.2.2,Acrobat Distiller 8.1.0 (Windows),2008-05-09T14:34:03-06:00,2008-05-09T14:37:54-06:00,"colombia, desplazados, acnur, snaipd, cnaipd, desplazamiento, ""acción social"", ""desplazados internos""",LEY 1190 DE 2008,Desplazamiento interno
14358_ley1532de2012.pdf,Ley 1532 de 2012,Por medio de la cual se adoptan unas medidas de política y se regula el funcionamiento del programa Familias en Acción.,17,"1, 2, 3, 4, 5, 6, 7",,2012-06-07T08:00:00,7,False,,KODAK Scanner: i1310/i1320,Adobe Acrobat 9.0 Paper Capture Plug-in,2012-06-08T09:42:55-05:00,2012-06-08T09:43:58-05:00,,,
14362_ley387de1997.pdf,Ley 387 1997,"Por la cual se adoptan medidas para la prevención del desplazamiento forzado; la atención, protección, consolidación y esta estabilización socioeconómica de los desplazados internos por la violencia en la República de Colombia.",46,"1, 2, 3, 4, 5, 6, 7, 8, 9, 10, 11",,1997-07-18T08:00:00,11,False,hailin.reyes,Microsoft® Word 2013,Microsoft® Word 2013,2016-01-25T10:34:31-05:00,2016-01-25T10:34:31-05:00,,,
2403_decretono184.pdf,Por medio del cual se Adopta el Programa de Sustitución de Vehiculos de Tracción Animal por Vehiculo Automotores en el Municipio de Marinilla y se d,Por medio del cual se Adopta el Programa de Sustitución de Vehiculos de Tracción Animal por Vehiculo Automotores en el Municipio de Marinilla y se dictan otras Disposiciones,13,"1, 2, 3, 4, 5",,2015-10-27T08:00:00,5,False,,Canon,,2015-10-29T09:13:14-05:00,,,,
23644_resolucion-0306-baja-de-inventario--activos-fijos.pdf,Resolución 0306 de 2019,"Por la cual de autoriza la baja de inventarios de activos fijos muebles, servirles, no requeridos y en desuso, de propiedad del municipio de Marinilla y de autoriza su enajenación a título gratuito a otras entidades estatales",12,"1, 2, 3, 4",,2019-02-05T08:00:00,4,False,,Canon,,2019-02-05T09:29:09-05:00,,,,
23652_resolucion-3892.pdf,Resolución 3892 de 2018,Por el cual se establecen los mecanismos para realizar el proceso de saneamiento contable en la administración municipal de Marinilla,20,"1, 2, 3, 4, 5, 6, 7",,2018-11-21T08:00:00,7,False,,Canon,,2019-02-06T10:30:32-05:00,,,,
23661_resolucion-no-4397.pdf,Resolución 4397 de 2017,Por el cual se impone una sanción,21,"1, 2, 3, 4, 5",,2018-12-19T08:00:00,5,False,,Canon,,2018-01-02T16:27:21-05:00,,,,
23655_resolucion-4397.pdf,Resolución 4397 de 2018,Por medio del cual se ordena una depuración contable sobre la cartera del municipio de Marinilla Antioquia,25,"1, 2, 3, 4, 5, 6, 7, 8, 9",,2018-12-13T08:00:00,9,False,,Canon,,2019-02-06T14:30:55-05:00,,,,
23653_resolucion-4496.pdf,Resolución 4496 de 2018,Por medio del cual de adopta el documento Políticas Contables bajo el nuevo marco normativo de contabilidad pública municipio de Marinilla Antioquia.,11,"1, 2, 3, 4",,2018-12-28T08:00:00,4,False,,Canon,,2019-02-06T10:31:26-05:00,,,,
23654_resolucion-4497.pdf,Resolución 4497 de 2018,"Por el cual se modifica parcialmente la resolución 874 del 04 de octubre de 2011, por la cual se crea el comité técnico de sostenibilidad contable del municipio de Marinilla y se determinan sus funciones",10,"1, 2, 3, 4",,2018-12-28T08:00:00,4,False,,Canon,,2019-02-06T10:32:12-05:00,,,,
2395_resolucion1126declaracion.pdf,Resolución No. 1126,Por medio de la cual se declaran unos bienes inmuebles como baldíos y se determinan sus áreas y linderos. artículo 123 de la ley 388 de 1997.,12,"1, 2, 3",,2015-06-22T08:00:00,3,False,,Canon,,2015-06-22T15:47:47-05:00,,,,
18399_resolucion-3615-plan-estrategico-20182020-1.pdf,Resolución No. 3615,Por medio de la cual se adopta el plan estratégico de talento humano para los servidores públicos del municipio de Marinilla para la vigencia 2018-2020.,78,"1, 2, 3, 4, 5, 6, 7, 8, 9, 10, 11, 12, 13, 14, 15, 16, 17, 18, 19, 20, 21, 22, 23, 24, 25, 26, 27",,2018-10-29T08:00:00,27,False,,Canon,,2018-10-29T09:31:50-05:00,,,,
